Street,City,State,Zip
Parker Road,Gustavus,AK,99826
155 S Seward St.,Juneau,AK,99801
710 Mill Bay Rd.,Kodiak,AK,99615
100 Lincoln St.,Sitka,AK,99835
300 E Superstition Boulevard,Apache Junction,AZ,85119
510 E. Florence Blvd.,Casa Grande,AZ,85122
130 West Central Ave.,Coolidge,AZ,85128
211 W Aspen Ave,Flagstaff,AZ,86001
20 E. Main St.,Mesa,AZ,85201
200 W. Washington St.,Phoenix,AZ,85003
81 W 1st St. S,Snowflake,AZ,85937
255 W Alameda St.,Tucson,AZ,85701
1 Morgan Blvd.,Window Rock,AZ,86515
1515 S. 2nd Ave.,Yuma,AZ,85364
736 F Street,Arcata,CA,95521
531 K Street,Eureka,CA,95501
825 5th Street,Eureka,CA,95501
1000 Webster St.,Fairfield,CA,94533
621 11th Street,Fortuna,CA,95540
200 North Spring St.,Los Angeles,CA,90012
675 Wildwood Ave.,Rio Dell,CA,95562
550 Bonnie Ave,Rohnert Park,CA,97927
8635 Fruitridge Rd,Sacramento,CA,95826
100 Santa Rosa Ave.,Santa Rosa,CA,95404
200 Civic Center Dr.,Vista,CA,92084
222 W. Main St.,Pensacola,FL,32591
9293 Harding Ave.,Surfside,FL,33154
4105 SE Beisser Dr,Grimes,IA,50111
150 N Capitol Blvd.,Boise,ID,83702
660 E Civic Lane,Eagle,ID,83616
215 D Street,Lewiston,ID,83501
33 E Broadway Ave.,Meridian,ID,83642
206 E. 3rd St.,Moscow,ID,83843
2567 S Belmont Ave,Indianapolis,IN,46221
301 E Huron St.,Ann Arbor,MI,48104
500 Center Ave.,Moorhead,MN,56561
121 N Rouse Ave.,Bozeman,MT,59715
218 Main St.,Crow Agency,MT,59022
414 E Calleder,Livingston,MT,59047
801 Corporate Center Dr.,Raleigh,NC,27607
4600 Edith Blvd.,Albuquerque,NM,87107
200 Lincoln Ave.,Santa Fe,NM,87501
800 N Gold St.,Silver City,NM,88062
1030 Dea Lane,Taos,NM,87571
275 Park Av,Brooklyn,NY,11205
94 Washington Street,Hoboken,NJ,07030
4700 Mow Way Rd.,Ft. Sill,OK,73503
333 Broadalbin St.,Albany,OR,97321
300 4th Ave.,Albany,OR,97321
20 E. Main St.,Ashland,OR,97520
1095 Duane St.,Astoria,OR,97103
1655 First Street,Baker City,OR,97814
12725 SW Millikan Way,Beaverton,OR,97076
61050 SE 27th St,Bend,OR,97702
4850 Brooklake Rd NE,Brooks,OR,97305
500 Central Ave.,Coos Bay,OR,97420
1355 N Barlow St,Cornelius,OR,97113
1300 NE Village St.,Fairview,OR,97024
2675 Kingwood Street,Florence,OR,97439
401 Main Street,Fossil,OR,97830
1333 NW Eastman Parkway,Gresham,OR,97030
150 Maint Street,Hillsboro,OR,97123
1000 Adams Ave.,La Grande,OR,97850
380 A Ave,Lake Oswego,OR,97034
801 SW Highway 101,Lincoln City,OR,97367
230 NE 2nd St.,McMinnville,OR,97128
10722 SE Main St.,Milwaukie,OR,97222
169 SW Coast Highway,Newport,OR,97365
625 Center Street,Oregon City,OR,97045
100 3rd Ave.,Pacific City,OR,97135
600 NE Grand Ave.,Portland,OR,97232
387 NE 3rd Street,Prineville,OR,97754
555 Liberty Street,Salem,OR,97301
39250 Pioneer Blvd.,Sandy,OR,97055
22560 SW Pine Street,Sherwood,OR,97140
265 Strand Street,St. Helens,OR,97051
13125 SW Hall Blvd.,Tigard,OR,97223
210 Laurel Ave.,Tillamook,OR,97141
219 E. Historic Columbia River Highway,Troutdale,OR,97060
29799 SW Town Center Loop,Wilsonville,OR,97070
26 Spur Dr,El Paso,TX,79906
3016 FM 1327,Creedmoor,TX,78610
2549 Washington Blvd.,Ogden,UT,84401
56 N. State St.,Orem,UT,84057
220 E. Morris Ave.,Salt Lake City,UT,84115
10000 Centennial Parkway,Sandy,UT,84070
110 S. Main St.,Springville,UT,84663
450 110th Ave. NE,Bellevue,WA,98004
345 6th St.,Bremerton,WA,98337
1620 SE 8th Ave.,Camas,WA,98607
2930 Wetmore Ave.,Everett,WA,98201
10 International Way,Longview,WA,98632
9611 SE 36th St.,Mercer Island,WA,98040
411 S. Balsam St.,Moses Lake,WA,98837
1800 Continental Place,Mt. Vernon,WA,98273
330 9th St.,Nespelem,WA,99155
601 4th Ave.,Olympia,WA,98507
525 N 3rd Ave.,Pasco,WA,99301
912 W Main St,Pullman,WA,99163
987 S. Clark Ave.,Republic,WA,99166
505 Swift Blvd.,Richland,WA,99352
801 228th Ave SW,Sammamish,WA,98075
600 4th Ave.,Seattle,WA,98124
10210 E Sprague Ave.,Spokane Valley,WA,99206
747 Market Street,Tacoma,WA,98402
100 W 1st Ave,Toppenish,WA,98948
415 W. 6th St.,Vancouver,WA,98660
15 North 3rd Ave.,Walla Walla,WA,99362
129 S. Chelan Ave.,Wenatchee,WA,98801
129 N. 2nd St.,Yakima,WA,98901
200 N David St.,Casper,WY,82601
130 S. Third St.,Douglas,WY,82633
201 E 5th St.,Gillette,WY,82716
50 E 2nd N,Green River,WY,82935
406 E Ivinson Ave.,Laramie,WY,82070
201 E 3rd St.,Lusk,WY,82225
270 N Clark St.,Powell,WY,82435
521 W Cedar St.,Rawlins,WY,82301
816 N Federal Blvd.,Riverton,WY,82501
212 D Street,Rock Springs,WY,82901
450 110th Ave. NE,Bellevue,WA,98004
210 Lottie Street,Bellingham,WA,98225
1620 SE 8th Ave.,Camas,WA,98607
135 E. Johnson Ave.,Chelan,WA,98816
829 Fifth St,Clarkston,WA,99403
2095 Main Street,Ferndale,WA,98248
10 Port Way,Longview,WA,98632
22017 SE Wax Road,Maple Valley,WA,98038
1800 Continental Place,Mt. Vernon,WA,98273
38624 SE River St,Snoqualmie,WA,98065
28 Asotin Ave,Toppenish,WA,98948
